benchmark,sequence,condition,baseline_auc,rgssb_auc,auc_change,baseline_precision_20,rgssb_precision_20,precision_change,baseline_mean_center_error,rgssb_mean_center_error,center_error_change,best_method,notes
OTB,Car1,clean,0.575995,0.614240,+0.038245,0.746078,0.806863,+0.060785,16.455626,13.180775,-3.274851,RG-SSB,RG-SSB improves AUC
OTB,Car1,motion_blur_medium,0.157212,0.193254,+0.036042,0.198039,0.259804,+0.061765,82.957024,75.900475,-7.056549,RG-SSB,RG-SSB improves AUC
OTB,Car1,low_resolution_medium,0.214881,0.227820,+0.012939,0.267647,0.301961,+0.034314,55.176579,57.360058,+2.183479,RG-SSB,RG-SSB near neutral
OTB,Car1,gaussian_noise_medium,0.207270,0.260794,+0.053524,0.250980,0.329412,+0.078432,64.898727,57.147617,-7.751110,RG-SSB,RG-SSB improves AUC
OTB,David2,clean,0.794439,0.797666,+0.003227,1.000000,1.000000,+0.000000,1.541015,1.526944,-0.014071,RG-SSB,RG-SSB near neutral
OTB,David2,motion_blur_medium,0.549680,0.616959,+0.067279,0.970205,0.970205,+0.000000,8.078309,6.209242,-1.869067,RG-SSB,RG-SSB improves AUC
OTB,David2,low_resolution_medium,0.806258,0.802201,-0.004057,1.000000,1.000000,+0.000000,1.516361,1.492518,-0.023843,OSTrack,RG-SSB near neutral
OTB,David2,gaussian_noise_medium,0.817542,0.779339,-0.038203,1.000000,0.988827,-0.011173,1.885668,2.576079,+0.690411,OSTrack,OSTrack baseline higher by AUC
OTB,Coke,clean,0.758259,0.762751,+0.004492,0.958763,0.958763,+0.000000,5.797408,6.259025,+0.461617,RG-SSB,RG-SSB near neutral
OTB,Coke,motion_blur_medium,0.700384,0.722126,+0.021742,0.945017,0.934708,-0.010309,7.648194,7.901353,+0.253159,RG-SSB,RG-SSB improves AUC
OTB,Coke,low_resolution_medium,0.745875,0.750026,+0.004151,0.945017,0.948454,+0.003437,6.493616,7.011554,+0.517938,RG-SSB,RG-SSB near neutral
OTB,Coke,gaussian_noise_medium,0.746759,0.748460,+0.001701,0.951890,0.945017,-0.006873,6.327523,6.569547,+0.242024,RG-SSB,RG-SSB near neutral
OTB,Walking,clean,0.787297,0.780929,-0.006368,1.000000,1.000000,+0.000000,1.684909,1.795651,+0.110742,OSTrack,RG-SSB near neutral
OTB,Walking,motion_blur_medium,0.759276,0.787561,+0.028285,1.000000,1.000000,+0.000000,1.691248,1.787445,+0.096197,RG-SSB,RG-SSB improves AUC
OTB,Walking,low_resolution_medium,0.788114,0.779751,-0.008363,1.000000,1.000000,+0.000000,1.604082,1.746493,+0.142411,OSTrack,RG-SSB near neutral
OTB,Walking,gaussian_noise_medium,0.793449,0.788523,-0.004926,1.000000,1.000000,+0.000000,1.611455,1.707908,+0.096453,OSTrack,RG-SSB near neutral
OTB,Walking2,clean,0.784772,0.821426,+0.036654,0.924000,1.000000,+0.076000,5.113229,1.667378,-3.445851,RG-SSB,RG-SSB improves AUC
OTB,Walking2,motion_blur_medium,0.377287,0.445050,+0.067763,0.550000,0.614000,+0.064000,35.787457,31.939129,-3.848328,RG-SSB,RG-SSB improves AUC
OTB,Walking2,low_resolution_medium,0.364673,0.819188,+0.454515,0.398000,1.000000,+0.602000,47.968578,1.876525,-46.092053,RG-SSB,RG-SSB improves AUC
OTB,Walking2,gaussian_noise_medium,0.477089,0.739881,+0.262792,0.604000,0.938000,+0.334000,31.741293,5.633838,-26.107455,RG-SSB,RG-SSB improves AUC
OTB,FaceOcc1,clean,0.586478,0.598555,+0.012077,0.547085,0.567265,+0.020180,23.393078,23.751312,+0.358234,RG-SSB,RG-SSB near neutral
OTB,FaceOcc1,motion_blur_medium,0.609943,0.630600,+0.020657,0.634529,0.671525,+0.036996,18.721224,19.050510,+0.329286,RG-SSB,RG-SSB improves AUC
OTB,FaceOcc1,low_resolution_medium,0.599476,0.612119,+0.012643,0.614350,0.591928,-0.022422,21.292782,21.719454,+0.426672,RG-SSB,RG-SSB near neutral
OTB,FaceOcc1,gaussian_noise_medium,0.649680,0.660092,+0.010412,0.705157,0.746637,+0.041480,17.962036,16.899437,-1.062599,RG-SSB,RG-SSB near neutral
OTB,Dog1,clean,0.861188,0.862926,+0.001738,1.000000,1.000000,+0.000000,2.485723,2.420704,-0.065019,RG-SSB,RG-SSB near neutral
OTB,Dog1,motion_blur_medium,0.834389,0.857653,+0.023264,1.000000,1.000000,+0.000000,2.350212,2.076440,-0.273772,RG-SSB,RG-SSB improves AUC
OTB,Dog1,low_resolution_medium,0.874939,0.871067,-0.003872,1.000000,1.000000,+0.000000,1.921853,1.949097,+0.027244,OSTrack,RG-SSB near neutral
OTB,Dog1,gaussian_noise_medium,0.860961,0.856414,-0.004547,1.000000,1.000000,+0.000000,2.756150,2.647410,-0.108740,OSTrack,RG-SSB near neutral
OTB,Deer,clean,0.271231,0.424348,+0.153117,0.366197,0.661972,+0.295775,73.172089,41.307079,-31.865010,RG-SSB,RG-SSB improves AUC
OTB,Deer,motion_blur_medium,0.208339,0.435504,+0.227165,0.281690,0.647887,+0.366197,103.399780,41.490910,-61.908870,RG-SSB,RG-SSB improves AUC
OTB,Deer,low_resolution_medium,0.267187,0.438433,+0.171246,0.338028,0.704225,+0.366197,73.623421,40.147202,-33.476219,RG-SSB,RG-SSB improves AUC
OTB,Deer,gaussian_noise_medium,0.513457,0.522242,+0.008785,0.746479,0.746479,+0.000000,37.269794,34.893517,-2.376277,RG-SSB,RG-SSB near neutral
OTB,Football,clean,0.138997,0.138395,-0.000602,0.165746,0.165746,+0.000000,219.098862,225.620789,+6.521927,OSTrack,RG-SSB near neutral
OTB,Football,motion_blur_medium,0.324955,0.491685,+0.166730,0.497238,0.740331,+0.243093,58.251381,20.236773,-38.014608,RG-SSB,RG-SSB improves AUC
OTB,Football,low_resolution_medium,0.144412,0.143728,-0.000684,0.171271,0.165746,-0.005525,222.232132,229.409225,+7.177093,OSTrack,RG-SSB near neutral
OTB,Football,gaussian_noise_medium,0.265850,0.271730,+0.005880,0.356354,0.364641,+0.008287,117.728493,117.510918,-0.217575,RG-SSB,RG-SSB near neutral
OTB,BlurBody,clean,0.835240,0.802632,-0.032608,0.976048,0.973054,-0.002994,6.491373,6.529775,+0.038402,OSTrack,OSTrack baseline higher by AUC
OTB,BlurBody,motion_blur_medium,0.846446,0.817395,-0.029051,0.985030,0.982036,-0.002994,5.823728,6.200110,+0.376382,OSTrack,OSTrack baseline higher by AUC
OTB,BlurBody,low_resolution_medium,0.840932,0.813097,-0.027835,0.982036,0.982036,+0.000000,6.127126,6.212456,+0.085330,OSTrack,OSTrack baseline higher by AUC
OTB,BlurBody,gaussian_noise_medium,0.808413,0.786980,-0.021433,0.982036,0.979042,-0.002994,6.575316,6.414169,-0.161147,OSTrack,OSTrack baseline higher by AUC
OTB,BlurCar2,clean,0.847863,0.859338,+0.011475,1.000000,1.000000,+0.000000,3.921361,3.819147,-0.102214,RG-SSB,RG-SSB near neutral
OTB,BlurCar2,motion_blur_medium,0.844309,0.850842,+0.006533,1.000000,1.000000,+0.000000,4.385002,4.483412,+0.098410,RG-SSB,RG-SSB near neutral
OTB,BlurCar2,low_resolution_medium,0.852348,0.860743,+0.008395,1.000000,1.000000,+0.000000,3.988775,3.933445,-0.055330,RG-SSB,RG-SSB near neutral
OTB,BlurCar2,gaussian_noise_medium,0.856021,0.862909,+0.006888,1.000000,1.000000,+0.000000,3.826772,3.690912,-0.135860,RG-SSB,RG-SSB near neutral
OTB,BlurFace,clean,0.820959,0.825317,+0.004358,1.000000,1.000000,+0.000000,6.544191,6.723062,+0.178871,RG-SSB,RG-SSB near neutral
OTB,BlurFace,motion_blur_medium,0.836985,0.835037,-0.001948,1.000000,1.000000,+0.000000,6.679541,6.927478,+0.247937,OSTrack,RG-SSB near neutral
OTB,BlurFace,low_resolution_medium,0.824413,0.826381,+0.001968,1.000000,1.000000,+0.000000,6.544706,6.740710,+0.196004,RG-SSB,RG-SSB near neutral
OTB,BlurFace,gaussian_noise_medium,0.817223,0.817645,+0.000422,1.000000,1.000000,+0.000000,6.524117,6.680791,+0.156674,RG-SSB,RG-SSB near neutral
OTB,Box,clean,0.844373,0.841917,-0.002456,0.955211,0.954350,-0.000861,12.109486,12.087549,-0.021937,OSTrack,RG-SSB near neutral
OTB,Box,motion_blur_medium,0.836629,0.818405,-0.018224,0.962102,0.950904,-0.011198,7.382629,13.738525,+6.355896,OSTrack,RG-SSB near neutral
OTB,Box,low_resolution_medium,0.857352,0.840313,-0.017039,0.966408,0.957795,-0.008613,7.299999,12.045731,+4.745732,OSTrack,RG-SSB near neutral
OTB,Box,gaussian_noise_medium,0.854649,0.853242,-0.001407,0.973299,0.979328,+0.006029,6.964612,6.891922,-0.072690,OSTrack,RG-SSB near neutral
UAV123,uav_car10,clean,0.863690,0.855939,-0.007751,1.000000,1.000000,+0.000000,1.767431,1.873509,+0.106078,OSTrack,RG-SSB near neutral
UAV123,uav_car10,motion_blur_medium,0.829978,0.839935,+0.009957,1.000000,1.000000,+0.000000,1.874678,2.015716,+0.141038,RG-SSB,RG-SSB near neutral
UAV123,uav_car10,low_resolution_medium,0.866897,0.862683,-0.004214,1.000000,1.000000,+0.000000,1.709015,1.762816,+0.053801,OSTrack,RG-SSB near neutral
UAV123,uav_car10,gaussian_noise_medium,0.868384,0.867383,-0.001001,1.000000,1.000000,+0.000000,1.643065,1.710973,+0.067908,OSTrack,RG-SSB near neutral
UAV123,uav_person1,clean,0.855612,0.849540,-0.006072,1.000000,1.000000,+0.000000,2.816489,3.007079,+0.190590,OSTrack,RG-SSB near neutral
UAV123,uav_person1,motion_blur_medium,0.854149,0.853121,-0.001028,1.000000,1.000000,+0.000000,2.830008,3.061380,+0.231372,OSTrack,RG-SSB near neutral
UAV123,uav_person1,low_resolution_medium,0.858226,0.851882,-0.006344,1.000000,1.000000,+0.000000,2.828360,3.087135,+0.258775,OSTrack,RG-SSB near neutral
UAV123,uav_person1,gaussian_noise_medium,0.850878,0.845450,-0.005428,1.000000,1.000000,+0.000000,2.765904,2.902830,+0.136926,OSTrack,RG-SSB near neutral
UAV123,uav_truck1,clean,0.909330,0.904412,-0.004918,0.991361,0.978402,-0.012959,4.979477,5.017188,+0.037711,OSTrack,RG-SSB near neutral
UAV123,uav_truck1,motion_blur_medium,0.877874,0.875607,-0.002267,0.946004,0.946004,+0.000000,7.053147,7.191486,+0.138339,OSTrack,RG-SSB near neutral
UAV123,uav_truck1,low_resolution_medium,0.905181,0.900498,-0.004683,0.987041,0.978402,-0.008639,5.120153,5.096191,-0.023962,OSTrack,RG-SSB near neutral
UAV123,uav_truck1,gaussian_noise_medium,0.895323,0.882129,-0.013194,0.974082,0.961123,-0.012959,5.843008,5.997738,+0.154730,OSTrack,RG-SSB near neutral
UAV123,uav_bike1,clean,0.851681,0.825572,-0.026109,0.997407,0.988655,-0.008752,4.968024,5.739062,+0.771038,OSTrack,OSTrack baseline higher by AUC
UAV123,uav_bike1,motion_blur_medium,0.830919,0.805831,-0.025088,0.965640,0.964019,-0.001621,6.075747,7.144278,+1.068531,OSTrack,OSTrack baseline higher by AUC
UAV123,uav_bike1,low_resolution_medium,0.868633,0.854897,-0.013736,0.996110,0.992220,-0.003890,4.240974,4.671670,+0.430696,OSTrack,RG-SSB near neutral
UAV123,uav_bike1,gaussian_noise_medium,0.873518,0.869105,-0.004413,0.995462,0.996759,+0.001297,3.923043,3.993073,+0.070030,OSTrack,RG-SSB near neutral
UAV123,uav_boat1,clean,0.907177,0.902496,-0.004681,1.000000,1.000000,+0.000000,4.179891,4.141109,-0.038782,OSTrack,RG-SSB near neutral
UAV123,uav_boat1,motion_blur_medium,0.891946,0.899012,+0.007066,1.000000,1.000000,+0.000000,3.637164,3.892462,+0.255298,RG-SSB,RG-SSB near neutral
UAV123,uav_boat1,low_resolution_medium,0.907342,0.903660,-0.003682,1.000000,1.000000,+0.000000,4.106702,4.163168,+0.056466,OSTrack,RG-SSB near neutral
UAV123,uav_boat1,gaussian_noise_medium,0.901298,0.899902,-0.001396,1.000000,1.000000,+0.000000,4.314402,4.164065,-0.150337,OSTrack,RG-SSB near neutral
UAV123,uav_building1,clean,0.856573,0.852857,-0.003716,1.000000,1.000000,+0.000000,1.579833,1.612973,+0.033140,OSTrack,RG-SSB near neutral
UAV123,uav_building1,motion_blur_medium,0.866347,0.864954,-0.001393,1.000000,1.000000,+0.000000,1.662908,1.660322,-0.002586,OSTrack,RG-SSB near neutral
UAV123,uav_building1,low_resolution_medium,0.861661,0.855961,-0.005700,1.000000,1.000000,+0.000000,1.578279,1.635272,+0.056993,OSTrack,RG-SSB near neutral
UAV123,uav_building1,gaussian_noise_medium,0.840149,0.838650,-0.001499,1.000000,1.000000,+0.000000,2.126383,2.122127,-0.004256,OSTrack,RG-SSB near neutral
UAV123,uav_person3,clean,0.859261,0.850084,-0.009177,1.000000,1.000000,+0.000000,2.070879,2.184885,+0.114006,OSTrack,RG-SSB near neutral
UAV123,uav_person3,motion_blur_medium,0.827018,0.844109,+0.017091,1.000000,1.000000,+0.000000,2.245145,2.361317,+0.116172,RG-SSB,RG-SSB near neutral
UAV123,uav_person3,low_resolution_medium,0.862664,0.854257,-0.008407,1.000000,1.000000,+0.000000,2.059074,2.171682,+0.112608,OSTrack,RG-SSB near neutral
UAV123,uav_person3,gaussian_noise_medium,0.856859,0.843324,-0.013535,1.000000,1.000000,+0.000000,2.087122,2.253938,+0.166816,OSTrack,RG-SSB near neutral
UAV123,uav_car11,clean,0.483503,0.488410,+0.004907,0.792285,0.818991,+0.026706,nan,nan,nan,RG-SSB,RG-SSB near neutral
UAV123,uav_car11,motion_blur_medium,0.027000,0.030673,+0.003673,0.032641,0.044510,+0.011869,nan,nan,nan,RG-SSB,RG-SSB near neutral
UAV123,uav_car11,low_resolution_medium,0.361078,0.110497,-0.250581,0.727003,0.210682,-0.516321,nan,nan,nan,OSTrack,OSTrack baseline higher by AUC
UAV123,uav_car11,gaussian_noise_medium,0.125657,0.336634,+0.210977,0.243323,0.706231,+0.462908,nan,nan,nan,RG-SSB,RG-SSB improves AUC
UAV123,uav_car12,clean,0.453501,0.107839,-0.345662,0.569138,0.152305,-0.416833,nan,nan,nan,OSTrack,OSTrack baseline higher by AUC
UAV123,uav_car12,motion_blur_medium,0.302347,0.053692,-0.248655,0.494990,0.138277,-0.356713,nan,nan,nan,OSTrack,OSTrack baseline higher by AUC
UAV123,uav_car12,low_resolution_medium,0.353420,0.104744,-0.248676,0.478958,0.126253,-0.352705,nan,nan,nan,OSTrack,OSTrack baseline higher by AUC
UAV123,uav_car12,gaussian_noise_medium,0.081966,0.412627,+0.330661,0.092184,0.579158,+0.486974,nan,nan,nan,RG-SSB,RG-SSB improves AUC
UAV123,uav_car13,clean,0.658356,0.650435,-0.007921,1.000000,1.000000,+0.000000,1.775364,1.924783,+0.149419,OSTrack,RG-SSB near neutral
UAV123,uav_car13,motion_blur_medium,0.469832,0.482834,+0.013002,0.985542,0.978313,-0.007229,3.390872,3.803226,+0.412354,RG-SSB,RG-SSB near neutral
UAV123,uav_car13,low_resolution_medium,0.659788,0.648217,-0.011571,1.000000,1.000000,+0.000000,2.073955,2.175925,+0.101970,OSTrack,RG-SSB near neutral
UAV123,uav_car13,gaussian_noise_medium,0.644423,0.644757,+0.000334,1.000000,1.000000,+0.000000,1.961418,1.882607,-0.078811,RG-SSB,RG-SSB near neutral
UAV123,uav_person10,clean,0.727010,0.728300,+0.001290,0.833497,0.834476,+0.000979,nan,nan,nan,RG-SSB,RG-SSB near neutral
UAV123,uav_person10,motion_blur_medium,0.693758,0.705026,+0.011268,0.827620,0.830558,+0.002938,nan,nan,nan,RG-SSB,RG-SSB near neutral
UAV123,uav_person10,low_resolution_medium,0.722986,0.725846,+0.002860,0.832517,0.832517,+0.000000,nan,nan,nan,RG-SSB,RG-SSB near neutral
UAV123,uav_person10,gaussian_noise_medium,0.720270,0.719465,-0.000805,0.828599,0.831538,+0.002939,nan,nan,nan,OSTrack,RG-SSB near neutral
UAV123,uav_person12_1,clean,0.769905,0.765951,-0.003954,1.000000,1.000000,+0.000000,4.720325,4.757898,+0.037573,OSTrack,RG-SSB near neutral
UAV123,uav_person12_1,motion_blur_medium,0.758801,0.752030,-0.006771,0.976705,0.995008,+0.018303,5.640293,5.879601,+0.239308,OSTrack,RG-SSB near neutral
UAV123,uav_person12_1,low_resolution_medium,0.773348,0.768159,-0.005189,1.000000,0.998336,-0.001664,4.866332,5.001237,+0.134905,OSTrack,RG-SSB near neutral
UAV123,uav_person12_1,gaussian_noise_medium,0.776083,0.771635,-0.004448,0.998336,0.998336,+0.000000,4.731723,4.806106,+0.074383,OSTrack,RG-SSB near neutral
UAV123,uav_person14_1,clean,0.164635,0.743030,+0.578395,0.219599,0.949233,+0.729634,nan,nan,nan,RG-SSB,RG-SSB improves AUC
UAV123,uav_person14_1,motion_blur_medium,0.398915,0.686266,+0.287351,0.545455,0.944510,+0.399055,nan,nan,nan,RG-SSB,RG-SSB improves AUC
UAV123,uav_person14_1,low_resolution_medium,0.172057,0.737185,+0.565128,0.224321,0.945691,+0.721370,nan,nan,nan,RG-SSB,RG-SSB improves AUC
UAV123,uav_person14_1,gaussian_noise_medium,0.434451,0.455177,+0.020726,0.547816,0.583235,+0.035419,nan,nan,nan,RG-SSB,RG-SSB improves AUC
UAV123,uav_truck2,clean,0.812267,0.798637,-0.013630,1.000000,1.000000,+0.000000,2.152421,2.359475,+0.207054,OSTrack,RG-SSB near neutral
UAV123,uav_truck2,motion_blur_medium,0.277459,0.656989,+0.379530,0.441558,0.979221,+0.537663,160.779648,4.231960,-156.547688,RG-SSB,RG-SSB improves AUC
UAV123,uav_truck2,low_resolution_medium,0.795217,0.776443,-0.018774,1.000000,1.000000,+0.000000,2.419891,2.649994,+0.230103,OSTrack,RG-SSB near neutral
UAV123,uav_truck2,gaussian_noise_medium,0.777215,0.759007,-0.018208,1.000000,1.000000,+0.000000,2.585998,2.717353,+0.131355,OSTrack,RG-SSB near neutral
UAV123,uav_bike2,clean,0.109681,0.111525,+0.001844,0.198915,0.198915,+0.000000,nan,nan,nan,RG-SSB,RG-SSB near neutral
UAV123,uav_bike2,motion_blur_medium,0.044725,0.074177,+0.029452,0.103074,0.180832,+0.077758,nan,nan,nan,RG-SSB,RG-SSB improves AUC
UAV123,uav_bike2,low_resolution_medium,0.102680,0.102125,-0.000555,0.197107,0.200723,+0.003616,nan,nan,nan,OSTrack,RG-SSB near neutral
UAV123,uav_bike2,gaussian_noise_medium,0.077185,0.090989,+0.013804,0.220615,0.220615,+0.000000,nan,nan,nan,RG-SSB,RG-SSB near neutral
UAV123,uav_wakeboard1,clean,0.829120,0.812845,-0.016275,1.000000,1.000000,+0.000000,4.294295,4.577796,+0.283501,OSTrack,RG-SSB near neutral
UAV123,uav_wakeboard1,motion_blur_medium,0.735190,0.773735,+0.038545,0.900238,1.000000,+0.099762,9.813875,5.390363,-4.423512,RG-SSB,RG-SSB improves AUC
UAV123,uav_wakeboard1,low_resolution_medium,0.835023,0.816749,-0.018274,1.000000,1.000000,+0.000000,4.195702,4.436891,+0.241189,OSTrack,RG-SSB near neutral
UAV123,uav_wakeboard1,gaussian_noise_medium,0.824275,0.809694,-0.014581,1.000000,1.000000,+0.000000,4.396752,4.646383,+0.249631,OSTrack,RG-SSB near neutral
NFS,nfs_Gymnastics,clean,0.311558,0.334912,+0.023354,0.002717,0.002717,+0.000000,219.966156,232.755920,+12.789764,RG-SSB,RG-SSB improves AUC
NFS,nfs_Gymnastics,motion_blur_medium,0.313038,0.333244,+0.020206,0.002717,0.002717,+0.000000,216.565979,230.888397,+14.322418,RG-SSB,RG-SSB improves AUC
NFS,nfs_Gymnastics,low_resolution_medium,0.311558,0.334992,+0.023434,0.002717,0.002717,+0.000000,219.442444,233.018723,+13.576279,RG-SSB,RG-SSB improves AUC
NFS,nfs_Gymnastics,gaussian_noise_medium,0.299801,0.320652,+0.020851,0.002717,0.002717,+0.000000,222.369415,232.899323,+10.529908,RG-SSB,RG-SSB improves AUC
NFS,nfs_basketball_player,clean,0.338378,0.338163,-0.000215,0.005420,0.013550,+0.008130,198.464813,204.770325,+6.305512,OSTrack,RG-SSB near neutral
NFS,nfs_basketball_player,motion_blur_medium,0.331777,0.328289,-0.003488,0.008130,0.008130,+0.000000,197.768890,212.031540,+14.262650,OSTrack,RG-SSB near neutral
NFS,nfs_basketball_player,low_resolution_medium,0.339424,0.327645,-0.011779,0.005420,0.008130,+0.002710,195.825607,213.936234,+18.110627,OSTrack,RG-SSB near neutral
NFS,nfs_basketball_player,gaussian_noise_medium,0.383482,0.388553,+0.005071,0.016260,0.016260,+0.000000,192.111053,193.388809,+1.277756,RG-SSB,RG-SSB near neutral
NFS,nfs_car,clean,0.091658,0.157460,+0.065802,0.000495,0.000495,+0.000000,383.523499,270.597534,-112.925965,RG-SSB,RG-SSB improves AUC
NFS,nfs_car,motion_blur_medium,0.079914,0.136663,+0.056749,0.000495,0.000495,+0.000000,388.015961,248.593597,-139.422364,RG-SSB,RG-SSB improves AUC
NFS,nfs_car,low_resolution_medium,0.091089,0.146505,+0.055416,0.000495,0.000495,+0.000000,381.417053,298.065063,-83.351990,RG-SSB,RG-SSB improves AUC
NFS,nfs_car,gaussian_noise_medium,0.073895,0.125498,+0.051603,0.000495,0.000495,+0.000000,689.688232,341.962555,-347.725677,RG-SSB,RG-SSB improves AUC
NFS,nfs_dog,clean,0.419264,0.414563,-0.004701,0.005825,0.006796,+0.000971,159.943039,172.733597,+12.790558,OSTrack,RG-SSB near neutral
NFS,nfs_dog,motion_blur_medium,0.432145,0.417860,-0.014285,0.008738,0.004854,-0.003884,156.070663,177.837021,+21.766358,OSTrack,RG-SSB near neutral
NFS,nfs_dog,low_resolution_medium,0.419168,0.414390,-0.004778,0.008738,0.003883,-0.004855,163.471161,174.622116,+11.150955,OSTrack,RG-SSB near neutral
NFS,nfs_dog,gaussian_noise_medium,0.429828,0.428280,-0.001548,0.003883,0.003883,+0.000000,176.879272,176.780151,-0.099121,OSTrack,RG-SSB near neutral
NFS,nfs_running,clean,0.483116,0.480878,-0.002238,0.032496,0.031019,-0.001477,129.966736,151.382156,+21.415420,OSTrack,RG-SSB near neutral
NFS,nfs_running,motion_blur_medium,0.484681,0.474253,-0.010428,0.035451,0.032496,-0.002955,130.218918,167.277054,+37.058136,OSTrack,RG-SSB near neutral
NFS,nfs_running,low_resolution_medium,0.482589,0.471372,-0.011217,0.033973,0.035451,+0.001478,130.824417,160.233078,+29.408661,OSTrack,RG-SSB near neutral
NFS,nfs_running,gaussian_noise_medium,0.487664,0.512278,+0.024614,0.023634,0.016248,-0.007386,118.610733,114.678093,-3.932640,RG-SSB,RG-SSB improves AUC
NFS,nfs_bottle,clean,0.368912,0.340264,-0.028648,0.023300,0.023300,+0.000000,217.255005,245.648010,+28.393005,OSTrack,OSTrack baseline higher by AUC
NFS,nfs_bottle,motion_blur_medium,0.367636,0.337726,-0.029910,0.023300,0.024727,+0.001427,219.075607,249.704178,+30.628571,OSTrack,OSTrack baseline higher by AUC
NFS,nfs_bottle,low_resolution_medium,0.368149,0.338526,-0.029623,0.020922,0.023776,+0.002854,218.312500,248.432098,+30.119598,OSTrack,OSTrack baseline higher by AUC
NFS,nfs_bottle,gaussian_noise_medium,0.390541,0.368973,-0.021568,0.016643,0.018069,+0.001426,208.387665,234.473770,+26.086105,OSTrack,OSTrack baseline higher by AUC
NFS,nfs_bird_2,clean,0.252434,0.259360,+0.006926,0.006303,0.010504,+0.004201,272.614838,233.346542,-39.268296,RG-SSB,RG-SSB near neutral
NFS,nfs_bird_2,motion_blur_medium,0.253682,0.272964,+0.019282,0.010504,0.010504,+0.000000,267.806854,244.585724,-23.221130,RG-SSB,RG-SSB near neutral
NFS,nfs_bird_2,low_resolution_medium,0.250957,0.272007,+0.021050,0.006303,0.012605,+0.006302,269.925629,235.609833,-34.315796,RG-SSB,RG-SSB improves AUC
NFS,nfs_bird_2,gaussian_noise_medium,0.276521,0.260275,-0.016246,0.012605,0.010504,-0.002101,223.684799,215.257858,-8.426941,OSTrack,RG-SSB near neutral
NFS,nfs_walking,clean,0.222442,0.367193,+0.144751,0.030631,0.041441,+0.010810,223.869156,169.591141,-54.278015,RG-SSB,RG-SSB improves AUC
NFS,nfs_walking,motion_blur_medium,0.404799,0.239247,-0.165552,0.037838,0.023423,-0.014415,151.543518,199.849487,+48.305969,OSTrack,OSTrack baseline higher by AUC
NFS,nfs_walking,low_resolution_medium,0.222977,0.239408,+0.016431,0.023423,0.028829,+0.005406,223.581696,200.176178,-23.405518,RG-SSB,RG-SSB near neutral
NFS,nfs_walking,gaussian_noise_medium,0.584444,0.300009,-0.284435,0.086486,0.021622,-0.064864,91.790886,184.636658,+92.845772,OSTrack,OSTrack baseline higher by AUC
NFS,nfs_basketball_player_2,clean,0.395043,0.396991,+0.001948,0.011442,0.016018,+0.004576,203.575226,203.618561,+0.043335,RG-SSB,RG-SSB near neutral
NFS,nfs_basketball_player_2,motion_blur_medium,0.394726,0.383941,-0.010785,0.009153,0.004577,-0.004576,209.862885,212.910858,+3.047973,OSTrack,RG-SSB near neutral
NFS,nfs_basketball_player_2,low_resolution_medium,0.398056,0.397558,-0.000498,0.004577,0.011442,+0.006865,204.215103,205.180405,+0.965302,OSTrack,RG-SSB near neutral
NFS,nfs_basketball_player_2,gaussian_noise_medium,0.342207,0.385414,+0.043207,0.002288,0.006865,+0.004577,189.831253,184.848236,-4.983017,RG-SSB,RG-SSB improves AUC
NFS,nfs_car_drifting,clean,0.157157,0.114348,-0.042809,0.011561,0.011561,+0.000000,330.028992,391.876099,+61.847107,OSTrack,OSTrack baseline higher by AUC
NFS,nfs_car_drifting,motion_blur_medium,0.161048,0.110742,-0.050306,0.011561,0.011561,+0.000000,323.918701,392.347137,+68.428436,OSTrack,OSTrack baseline higher by AUC
NFS,nfs_car_drifting,low_resolution_medium,0.151262,0.111944,-0.039318,0.011561,0.011561,+0.000000,341.454468,387.546906,+46.092438,OSTrack,OSTrack baseline higher by AUC
NFS,nfs_car_drifting,gaussian_noise_medium,0.180106,0.153208,-0.026898,0.011561,0.011561,+0.000000,319.787842,361.061829,+41.273987,OSTrack,OSTrack baseline higher by AUC
NFS,nfs_car_jumping,clean,0.125563,0.184068,+0.058505,0.045455,0.045455,+0.000000,294.559204,248.707916,-45.851288,RG-SSB,RG-SSB improves AUC
NFS,nfs_car_jumping,motion_blur_medium,0.117912,0.120612,+0.002700,0.045455,0.045455,+0.000000,300.619263,295.997528,-4.621735,RG-SSB,RG-SSB near neutral
NFS,nfs_car_jumping,low_resolution_medium,0.125113,0.125113,+0.000000,0.045455,0.045455,+0.000000,291.497284,284.408630,-7.088654,tie,RG-SSB near neutral
NFS,nfs_car_jumping,gaussian_noise_medium,0.132313,0.069307,-0.063006,0.045455,0.045455,+0.000000,280.478607,700.266479,+419.787872,OSTrack,OSTrack baseline higher by AUC
NFS,nfs_cheetah,clean,0.697634,0.684058,-0.013576,0.011976,0.011976,+0.000000,84.933655,83.502937,-1.430718,OSTrack,RG-SSB near neutral
NFS,nfs_cheetah,motion_blur_medium,0.707773,0.676172,-0.031601,0.005988,0.011976,+0.005988,93.865623,89.306091,-4.559532,OSTrack,OSTrack baseline higher by AUC
NFS,nfs_cheetah,low_resolution_medium,0.701785,0.297919,-0.403866,0.017964,0.005988,-0.011976,90.701317,225.233627,+134.532310,OSTrack,OSTrack baseline higher by AUC
NFS,nfs_cheetah,gaussian_noise_medium,0.655896,0.646054,-0.009842,0.005988,0.011976,+0.005988,114.862274,116.882225,+2.019951,OSTrack,RG-SSB near neutral
NFS,nfs_horse_running,clean,0.150723,0.153786,+0.003063,0.007194,0.007194,+0.000000,215.121735,216.324051,+1.202316,RG-SSB,RG-SSB near neutral
NFS,nfs_horse_running,motion_blur_medium,0.150581,0.154854,+0.004273,0.007194,0.007194,+0.000000,213.865295,215.142487,+1.277192,RG-SSB,RG-SSB near neutral
NFS,nfs_horse_running,low_resolution_medium,0.145594,0.154427,+0.008833,0.007194,0.007194,+0.000000,217.436096,215.250626,-2.185470,RG-SSB,RG-SSB near neutral
NFS,nfs_horse_running,gaussian_noise_medium,0.318470,0.321105,+0.002635,0.014388,0.007194,-0.007194,142.423004,155.249374,+12.826370,RG-SSB,RG-SSB near neutral
NFS,nfs_motorcross,clean,0.325717,0.301346,-0.024371,0.051282,0.051282,+0.000000,199.006577,197.242462,-1.764115,OSTrack,OSTrack baseline higher by AUC
NFS,nfs_motorcross,motion_blur_medium,0.325463,0.279259,-0.046204,0.051282,0.051282,+0.000000,202.248077,207.814774,+5.566697,OSTrack,OSTrack baseline higher by AUC
NFS,nfs_motorcross,low_resolution_medium,0.337395,0.285352,-0.052043,0.051282,0.051282,+0.000000,191.738144,198.992538,+7.254394,OSTrack,OSTrack baseline higher by AUC
NFS,nfs_motorcross,gaussian_noise_medium,0.312008,0.293729,-0.018279,0.051282,0.051282,+0.000000,205.039337,214.491669,+9.452332,OSTrack,RG-SSB near neutral
NFS,nfs_person_scooter,clean,0.363484,0.316808,-0.046676,0.002421,0.007264,+0.004843,178.560715,195.516953,+16.956238,OSTrack,OSTrack baseline higher by AUC
NFS,nfs_person_scooter,motion_blur_medium,0.366504,0.313427,-0.053077,0.004843,0.012107,+0.007264,179.195938,221.563370,+42.367432,OSTrack,OSTrack baseline higher by AUC
NFS,nfs_person_scooter,low_resolution_medium,0.375015,0.335243,-0.039772,0.004843,0.004843,+0.000000,175.754608,185.735474,+9.980866,OSTrack,OSTrack baseline higher by AUC
NFS,nfs_person_scooter,gaussian_noise_medium,0.356747,0.318342,-0.038405,0.021792,0.002421,-0.019371,171.702026,170.551758,-1.150268,OSTrack,OSTrack baseline higher by AUC
NFS,nfs_soccer_player_2,clean,0.314893,0.330693,+0.015800,0.010526,0.014737,+0.004211,318.439545,287.554565,-30.884980,RG-SSB,RG-SSB near neutral
NFS,nfs_soccer_player_2,motion_blur_medium,0.309349,0.313434,+0.004085,0.012632,0.014737,+0.002105,315.911041,293.118011,-22.793030,RG-SSB,RG-SSB near neutral
NFS,nfs_soccer_player_2,low_resolution_medium,0.313330,0.329151,+0.015821,0.010526,0.018947,+0.008421,316.677521,283.736206,-32.941315,RG-SSB,RG-SSB near neutral
NFS,nfs_soccer_player_2,gaussian_noise_medium,0.355414,0.382533,+0.027119,0.006316,0.008421,+0.002105,255.339508,254.497223,-0.842285,RG-SSB,RG-SSB improves AUC
