corpus_id_a,corpus_id_b,primary_group_a,primary_group_b,pair_type,normalized_structural_similarity,rhetorical_role_sequence_similarity,citation_density_similarity,paragraph_sentence_structure_similarity,contribution_paragraph_similarity,overall_similarity,consistency_label
T1_2024_TMRB_MIS_FMR,T1_2024_TBC_DMML,A,B,Group A versus Group B,0.5486,0.1458,0.7917,0.8659,0.8333,0.5324,weakly consistent
T1_2024_TMRB_MIS_FMR,T1_2023_SPL_DPAN,A,D,core groups versus Group D,0.5266,0.0625,0.9800,0.1231,0.8333,0.4462,weakly consistent
T1_2024_TMRB_MIS_FMR,T1_2023_APPLINT_EDGE,A,A,within Group A,0.5727,0.1181,0.0000,0.8561,0.8333,0.4562,weakly consistent
T1_2024_TMRB_MIS_FMR,T1_2026_TIP_MSD_RGBT,A,C,Group A/B versus Group C,0.5415,0.2292,0.7150,0.8722,0.6667,0.5264,weakly consistent
T1_2024_TMRB_MIS_FMR,T1_2025_ICIP_HFDAE_RGBT,A,C,Group A/B versus Group C,0.5315,0.1042,0.8750,0.6581,0.8333,0.5019,weakly consistent
T1_2024_TMRB_MIS_FMR,T1_2025_TGRS_UADIFF,A,B,Group A versus Group B,0.5080,0.0833,0.2500,0.8739,0.8333,0.4452,weakly consistent
T1_2024_TMRB_MIS_FMR,T1_2025_JBHI_ALZ_CNN,A,A,within Group A,0.6157,0.0583,0.5833,0.7561,0.8333,0.5089,weakly consistent
T1_2024_TMRB_MIS_FMR,T1_2024_MULTISYS_REFINERHASH,A,A,within Group A,0.7205,0.1944,0.7950,0.2517,0.0000,0.4775,weakly consistent
T1_2024_TMRB_MIS_FMR,T1_2024_VISCOMP_HIGHBOOSTNET,A,B,Group A versus Group B,0.5716,0.1792,0.8333,0.4791,0.6667,0.4999,weakly consistent
T1_2024_TMRB_MIS_FMR,T1_2026_TPAMI_ACLI,A,C,Group A/B versus Group C,0.5859,0.1806,0.7783,0.5618,0.1667,0.4595,weakly consistent
T1_2024_TMRB_MIS_FMR,T1_2023_TAI_THREE_PRIOR_SR,A,A,within Group A,0.7296,0.1319,0.0000,0.1185,0.6667,0.4398,weakly consistent
T1_2024_TMRB_MIS_FMR,T1_2021_TCI_SRNSSI,A,A,within Group A,0.6420,0.1250,0.3750,0.9361,0.8333,0.5346,weakly consistent
T1_2024_TMRB_MIS_FMR,T1_2021_TBC_UPDRESNN,A,A,within Group A,0.5190,0.0694,0.5000,0.7591,0.8333,0.4602,weakly consistent
T1_2024_TMRB_MIS_FMR,T1_2019_TIP_TCHEBICHEF_DENOISING,A,A,within Group A,0.6268,0.1806,0.6000,0.9559,0.8333,0.5661,weakly consistent
T1_2024_TMRB_MIS_FMR,T2_AS2024_PATHOWAVE,A,A,within Group A,0.6386,0.2597,0.6667,0.9591,1.0000,0.6149,moderately consistent
T1_2024_TMRB_MIS_FMR,T2_AH2020_R_SPATIOGRAM_TRACKING,A,D,core groups versus Group D,0.5252,0.1042,0.6667,0.0658,1.0000,0.4356,weakly consistent
T1_2024_TMRB_MIS_FMR,T2_AS2018_VARIATIONAL_MIXED_NOISE,A,C,Group A/B versus Group C,0.4361,0.0722,0.1667,0.8771,0.8333,0.4020,weakly consistent
T1_2024_TMRB_MIS_FMR,T2_AS2015_MSAINDELFR,A,A,within Group A,0.0000,0.0000,0.6667,0.0000,0.8333,0.1500,weakly consistent
T1_2024_TMRB_MIS_FMR,T2_AS2014_EURASIP_ECHO,A,D,core groups versus Group D,0.5106,0.1736,0.8633,0.3376,0.8333,0.4766,weakly consistent
T1_2024_TMRB_MIS_FMR,T2_AS2010_EURASIP_CEPSTRUM,A,D,core groups versus Group D,0.5714,0.2222,0.7017,0.6034,0.8333,0.5265,weakly consistent
T1_2024_TMRB_MIS_FMR,T2_SW2019_HEARING_AIDS,A,D,core groups versus Group D,0.4977,0.0167,0.7667,0.6103,0.8333,0.4491,weakly consistent
T1_2024_TMRB_MIS_FMR,T2_SW2015_COSINE_TCHEBICHEF,A,D,core groups versus Group D,0.1512,0.0000,0.6950,0.0000,0.8333,0.2209,weakly consistent
T1_2024_TMRB_MIS_FMR,T2_SW2013_FRONTIERS_SYNAPTIC,A,D,core groups versus Group D,0.3215,0.0000,0.6700,0.0676,0.8333,0.3018,weakly consistent
T1_2024_TBC_DMML,T1_2023_SPL_DPAN,B,D,core groups versus Group D,0.4710,0.1875,0.8117,0.0000,0.6667,0.4067,weakly consistent
T1_2024_TBC_DMML,T1_2023_APPLINT_EDGE,B,A,Group A versus Group B,0.6288,0.1400,0.2083,0.9902,1.0000,0.5378,weakly consistent
T1_2024_TBC_DMML,T1_2026_TIP_MSD_RGBT,B,C,Group A/B versus Group C,0.5133,0.2143,0.9233,0.7382,0.5000,0.5007,weakly consistent
T1_2024_TBC_DMML,T1_2025_ICIP_HFDAE_RGBT,B,C,Group A/B versus Group C,0.5468,0.2500,0.6667,0.5240,1.0000,0.5276,weakly consistent
T1_2024_TBC_DMML,T1_2025_TGRS_UADIFF,B,B,within Group B,0.7791,0.7083,0.4583,0.9920,1.0000,0.7727,moderately consistent
T1_2024_TBC_DMML,T1_2025_JBHI_ALZ_CNN,B,A,Group A versus Group B,0.5717,0.3500,0.7917,0.6220,1.0000,0.5861,moderately consistent
T1_2024_TBC_DMML,T1_2024_MULTISYS_REFINERHASH,B,A,Group A versus Group B,0.4242,0.2500,0.5867,0.1176,0.0000,0.3238,weakly consistent
T1_2024_TBC_DMML,T1_2024_VISCOMP_HIGHBOOSTNET,B,B,within Group B,0.6179,0.1667,0.6250,0.3450,0.5000,0.4667,weakly consistent
T1_2024_TBC_DMML,T1_2026_TPAMI_ACLI,B,C,Group A/B versus Group C,0.4549,0.1167,0.9867,0.4277,0.0000,0.3753,weakly consistent
T1_2024_TBC_DMML,T1_2023_TAI_THREE_PRIOR_SR,B,A,Group A versus Group B,0.6235,0.2000,0.0000,0.2526,0.5000,0.4059,weakly consistent
T1_2024_TBC_DMML,T1_2021_TCI_SRNSSI,B,A,Group A versus Group B,0.6644,0.5500,0.5833,0.8020,1.0000,0.6750,moderately consistent
T1_2024_TBC_DMML,T1_2021_TBC_UPDRESNN,B,A,Group A versus Group B,0.6893,0.1875,0.7083,0.6250,1.0000,0.5904,moderately consistent
T1_2024_TBC_DMML,T1_2019_TIP_TCHEBICHEF_DENOISING,B,A,Group A versus Group B,0.5964,0.3000,0.8083,0.8218,0.6667,0.5731,weakly consistent
T1_2024_TBC_DMML,T2_AS2024_PATHOWAVE,B,A,Group A versus Group B,0.6079,0.1333,0.8750,0.8250,0.8333,0.5602,weakly consistent
T1_2024_TBC_DMML,T2_AH2020_R_SPATIOGRAM_TRACKING,B,D,core groups versus Group D,0.3925,0.0000,0.4583,0.0000,0.8333,0.3058,weakly consistent
T1_2024_TBC_DMML,T2_AS2018_VARIATIONAL_MIXED_NOISE,B,C,Group A/B versus Group C,0.4185,0.1000,0.3750,0.7430,1.0000,0.4251,weakly consistent
T1_2024_TBC_DMML,T2_AS2015_MSAINDELFR,B,A,Group A versus Group B,0.0000,0.0000,0.4583,0.0000,1.0000,0.1458,weakly consistent
T1_2024_TBC_DMML,T2_AS2014_EURASIP_ECHO,B,D,core groups versus Group D,0.5400,0.2727,0.6550,0.2036,1.0000,0.4971,weakly consistent
T1_2024_TBC_DMML,T2_AS2010_EURASIP_CEPSTRUM,B,D,core groups versus Group D,0.4720,0.0278,0.4933,0.4693,1.0000,0.4156,weakly consistent
T1_2024_TBC_DMML,T2_SW2019_HEARING_AIDS,B,D,core groups versus Group D,0.4925,0.1067,0.5583,0.4762,1.0000,0.4518,weakly consistent
T1_2024_TBC_DMML,T2_SW2015_COSINE_TCHEBICHEF,B,D,core groups versus Group D,0.1727,0.0833,0.4867,0.0000,1.0000,0.2472,weakly consistent
T1_2024_TBC_DMML,T2_SW2013_FRONTIERS_SYNAPTIC,B,D,core groups versus Group D,0.1528,0.0833,0.4617,0.0000,1.0000,0.2358,weakly consistent
T1_2023_SPL_DPAN,T1_2023_APPLINT_EDGE,D,A,core groups versus Group D,0.4035,0.2500,0.0200,0.0000,0.6667,0.3127,weakly consistent
T1_2023_SPL_DPAN,T1_2026_TIP_MSD_RGBT,D,C,Group D versus Group C,0.4020,0.0000,0.7350,0.2508,0.8333,0.3628,weakly consistent
T1_2023_SPL_DPAN,T1_2025_ICIP_HFDAE_RGBT,D,C,Group D versus Group C,0.3875,0.1875,0.8550,0.4650,0.6667,0.4199,weakly consistent
T1_2023_SPL_DPAN,T1_2025_TGRS_UADIFF,D,B,core groups versus Group D,0.5409,0.2500,0.2700,0.0000,0.6667,0.3996,weakly consistent
T1_2023_SPL_DPAN,T1_2025_JBHI_ALZ_CNN,D,A,core groups versus Group D,0.5364,0.3125,0.6033,0.3670,0.6667,0.4832,weakly consistent
T1_2023_SPL_DPAN,T1_2024_MULTISYS_REFINERHASH,D,A,core groups versus Group D,0.3539,0.3750,0.7750,0.8714,0.1667,0.4343,weakly consistent
T1_2023_SPL_DPAN,T1_2024_VISCOMP_HIGHBOOSTNET,D,B,core groups versus Group D,0.6697,0.2917,0.8133,0.6440,0.8333,0.6034,moderately consistent
T1_2023_SPL_DPAN,T1_2026_TPAMI_ACLI,D,C,Group D versus Group C,0.4655,0.0625,0.7983,0.5613,0.3333,0.3944,weakly consistent
T1_2023_SPL_DPAN,T1_2023_TAI_THREE_PRIOR_SR,D,A,core groups versus Group D,0.6413,0.3125,0.0000,0.0000,0.8333,0.4501,weakly consistent
T1_2023_SPL_DPAN,T1_2021_TCI_SRNSSI,D,A,core groups versus Group D,0.5976,0.3125,0.3950,0.1870,0.6667,0.4719,weakly consistent
T1_2023_SPL_DPAN,T1_2021_TBC_UPDRESNN,D,A,core groups versus Group D,0.5782,0.1250,0.5200,0.3640,0.6667,0.4465,weakly consistent
T1_2023_SPL_DPAN,T1_2019_TIP_TCHEBICHEF_DENOISING,D,A,core groups versus Group D,0.7237,0.0000,0.6200,0.1672,1.0000,0.5044,weakly consistent
T1_2023_SPL_DPAN,T2_AS2024_PATHOWAVE,D,A,core groups versus Group D,0.6813,0.1667,0.6867,0.1640,0.8333,0.5167,weakly consistent
T1_2023_SPL_DPAN,T2_AH2020_R_SPATIOGRAM_TRACKING,D,D,within Group D,0.7902,0.2778,0.6467,0.9428,0.8333,0.6673,moderately consistent
T1_2023_SPL_DPAN,T2_AS2018_VARIATIONAL_MIXED_NOISE,D,C,Group D versus Group C,0.3356,0.0250,0.1867,0.2460,0.6667,0.2672,weakly consistent
T1_2023_SPL_DPAN,T2_AS2015_MSAINDELFR,D,A,core groups versus Group D,0.0000,0.0000,0.6467,0.8120,0.6667,0.2125,weakly consistent
T1_2023_SPL_DPAN,T2_AS2014_EURASIP_ECHO,D,D,within Group D,0.3761,0.2273,0.8433,0.7854,0.6667,0.4556,weakly consistent
T1_2023_SPL_DPAN,T2_AS2010_EURASIP_CEPSTRUM,D,D,within Group D,0.2673,0.2500,0.6817,0.5197,0.6667,0.3696,weakly consistent
T1_2023_SPL_DPAN,T2_SW2019_HEARING_AIDS,D,D,within Group D,0.3482,0.1875,0.7467,0.5128,0.6667,0.3962,weakly consistent
T1_2023_SPL_DPAN,T2_SW2015_COSINE_TCHEBICHEF,D,D,within Group D,0.1222,0.5000,0.6750,0.8703,0.6667,0.4012,weakly consistent
T1_2023_SPL_DPAN,T2_SW2013_FRONTIERS_SYNAPTIC,D,D,within Group D,0.0935,0.5000,0.6500,0.9446,0.6667,0.3932,weakly consistent
T1_2023_APPLINT_EDGE,T1_2026_TIP_MSD_RGBT,A,C,Group A/B versus Group C,0.6260,0.0571,0.2850,0.7284,0.5000,0.4473,weakly consistent
T1_2023_APPLINT_EDGE,T1_2025_ICIP_HFDAE_RGBT,A,C,Group A/B versus Group C,0.5116,0.1500,0.0000,0.5142,1.0000,0.4191,weakly consistent
T1_2023_APPLINT_EDGE,T1_2025_TGRS_UADIFF,A,B,Group A versus Group B,0.5130,0.2000,0.7500,0.9822,1.0000,0.5541,weakly consistent
T1_2023_APPLINT_EDGE,T1_2025_JBHI_ALZ_CNN,A,A,within Group A,0.6633,0.1000,0.4167,0.6122,1.0000,0.5264,weakly consistent
T1_2023_APPLINT_EDGE,T1_2024_MULTISYS_REFINERHASH,A,A,within Group A,0.4839,0.0417,0.0000,0.1078,0.0000,0.2390,weakly consistent
T1_2023_APPLINT_EDGE,T1_2024_VISCOMP_HIGHBOOSTNET,A,B,Group A versus Group B,0.4680,0.1694,0.0000,0.3352,0.5000,0.3365,weakly consistent
T1_2023_APPLINT_EDGE,T1_2026_TPAMI_ACLI,A,C,Group A/B versus Group C,0.6273,0.4167,0.2217,0.4179,0.0000,0.4504,weakly consistent
T1_2023_APPLINT_EDGE,T1_2023_TAI_THREE_PRIOR_SR,A,A,within Group A,0.5860,0.4400,0.0000,0.2624,0.5000,0.4499,weakly consistent
T1_2023_APPLINT_EDGE,T1_2021_TCI_SRNSSI,A,A,within Group A,0.7140,0.1000,0.6250,0.7922,1.0000,0.5880,moderately consistent
T1_2023_APPLINT_EDGE,T1_2021_TBC_UPDRESNN,A,A,within Group A,0.5490,0.3833,0.5000,0.6152,1.0000,0.5544,weakly consistent
T1_2023_APPLINT_EDGE,T1_2019_TIP_TCHEBICHEF_DENOISING,A,A,within Group A,0.4886,0.2000,0.4000,0.8120,0.6667,0.4577,weakly consistent
T1_2023_APPLINT_EDGE,T2_AS2024_PATHOWAVE,A,A,within Group A,0.5509,0.3889,0.3333,0.8152,0.8333,0.5433,weakly consistent
T1_2023_APPLINT_EDGE,T2_AH2020_R_SPATIOGRAM_TRACKING,A,D,core groups versus Group D,0.3743,0.1736,0.0000,0.0000,0.8333,0.2952,weakly consistent
T1_2023_APPLINT_EDGE,T2_AS2018_VARIATIONAL_MIXED_NOISE,A,C,Group A/B versus Group C,0.5020,0.2400,0.8333,0.7332,1.0000,0.5426,weakly consistent
T1_2023_APPLINT_EDGE,T2_AS2015_MSAINDELFR,A,A,within Group A,0.0000,0.0000,0.0000,0.0000,1.0000,0.1000,weakly consistent
T1_2023_APPLINT_EDGE,T2_AS2014_EURASIP_ECHO,A,D,core groups versus Group D,0.4852,0.1364,0.0000,0.1938,1.0000,0.3718,weakly consistent
T1_2023_APPLINT_EDGE,T2_AS2010_EURASIP_CEPSTRUM,A,D,core groups versus Group D,0.4673,0.1528,0.0000,0.4595,1.0000,0.3944,weakly consistent
T1_2023_APPLINT_EDGE,T2_SW2019_HEARING_AIDS,A,D,core groups versus Group D,0.4775,0.3500,0.0000,0.4664,1.0000,0.4490,weakly consistent
T1_2023_APPLINT_EDGE,T2_SW2015_COSINE_TCHEBICHEF,A,D,core groups versus Group D,0.1466,0.0833,0.0000,0.0000,1.0000,0.1868,weakly consistent
T1_2023_APPLINT_EDGE,T2_SW2013_FRONTIERS_SYNAPTIC,A,D,core groups versus Group D,0.1759,0.0833,0.0000,0.0000,1.0000,0.2000,weakly consistent
T1_2026_TIP_MSD_RGBT,T1_2025_ICIP_HFDAE_RGBT,C,C,within Group C,0.4114,0.0000,0.5900,0.7858,0.5000,0.3727,weakly consistent
T1_2026_TIP_MSD_RGBT,T1_2025_TGRS_UADIFF,C,B,Group A/B versus Group C,0.5385,0.1905,0.5350,0.7462,0.5000,0.4680,weakly consistent
T1_2026_TIP_MSD_RGBT,T1_2025_JBHI_ALZ_CNN,C,A,Group A/B versus Group C,0.5018,0.0286,0.8683,0.8838,0.5000,0.4582,weakly consistent
T1_2026_TIP_MSD_RGBT,T1_2024_MULTISYS_REFINERHASH,C,A,Group A/B versus Group C,0.5483,0.1389,0.5100,0.3795,0.3333,0.4038,weakly consistent
T1_2026_TIP_MSD_RGBT,T1_2024_VISCOMP_HIGHBOOSTNET,C,B,Group A/B versus Group C,0.5420,0.1111,0.5483,0.6068,1.0000,0.4872,weakly consistent
T1_2026_TIP_MSD_RGBT,T1_2026_TPAMI_ACLI,C,C,within Group C,0.7854,0.0643,0.9367,0.6895,0.5000,0.5821,moderately consistent
T1_2026_TIP_MSD_RGBT,T1_2023_TAI_THREE_PRIOR_SR,C,A,Group A/B versus Group C,0.5899,0.1905,0.0000,0.0000,1.0000,0.4131,weakly consistent
T1_2026_TIP_MSD_RGBT,T1_2021_TCI_SRNSSI,C,A,Group A/B versus Group C,0.5290,0.0286,0.6600,0.9362,0.5000,0.4548,weakly consistent
T1_2026_TIP_MSD_RGBT,T1_2021_TBC_UPDRESNN,C,A,Group A/B versus Group C,0.3554,0.0000,0.7850,0.8868,0.5000,0.3771,weakly consistent
T1_2026_TIP_MSD_RGBT,T1_2019_TIP_TCHEBICHEF_DENOISING,C,A,Group A/B versus Group C,0.4764,0.5286,0.8850,0.9164,0.8333,0.6100,moderately consistent
T1_2026_TIP_MSD_RGBT,T2_AS2024_PATHOWAVE,C,A,Group A/B versus Group C,0.5717,0.2167,0.9517,0.9132,0.6667,0.5646,weakly consistent
T1_2026_TIP_MSD_RGBT,T2_AH2020_R_SPATIOGRAM_TRACKING,C,D,Group C versus Group D,0.4055,0.0764,0.3817,0.1936,0.6667,0.3258,weakly consistent
T1_2026_TIP_MSD_RGBT,T2_AS2018_VARIATIONAL_MIXED_NOISE,C,C,within Group C,0.2835,0.0286,0.4517,0.9952,0.5000,0.3294,weakly consistent
T1_2026_TIP_MSD_RGBT,T2_AS2015_MSAINDELFR,C,A,Group A/B versus Group C,0.0000,0.0000,0.3817,0.0628,0.5000,0.0945,weakly consistent
T1_2026_TIP_MSD_RGBT,T2_AS2014_EURASIP_ECHO,C,D,Group C versus Group D,0.3534,0.1091,0.5783,0.4654,0.5000,0.3407,weakly consistent
T1_2026_TIP_MSD_RGBT,T2_AS2010_EURASIP_CEPSTRUM,C,D,Group C versus Group D,0.3484,0.0444,0.4167,0.7311,0.5000,0.3327,weakly consistent
T1_2026_TIP_MSD_RGBT,T2_SW2019_HEARING_AIDS,C,D,Group C versus Group D,0.3619,0.0476,0.4817,0.7380,0.5000,0.3467,weakly consistent
T1_2026_TIP_MSD_RGBT,T2_SW2015_COSINE_TCHEBICHEF,C,D,Group C versus Group D,0.0872,0.0833,0.4100,0.1212,0.5000,0.1632,weakly consistent
T1_2026_TIP_MSD_RGBT,T2_SW2013_FRONTIERS_SYNAPTIC,C,D,Group C versus Group D,0.1984,0.0833,0.3850,0.1954,0.5000,0.2182,weakly consistent
T1_2025_ICIP_HFDAE_RGBT,T1_2025_TGRS_UADIFF,C,B,Group A/B versus Group C,0.5257,0.1250,0.1250,0.5320,1.0000,0.4335,weakly consistent
T1_2025_ICIP_HFDAE_RGBT,T1_2025_JBHI_ALZ_CNN,C,A,Group A/B versus Group C,0.5465,0.3625,0.4583,0.9020,1.0000,0.5726,weakly consistent
T1_2025_ICIP_HFDAE_RGBT,T1_2024_MULTISYS_REFINERHASH,C,A,Group A/B versus Group C,0.4004,0.1667,0.9200,0.5936,0.0000,0.3732,weakly consistent
T1_2025_ICIP_HFDAE_RGBT,T1_2024_VISCOMP_HIGHBOOSTNET,C,B,Group A/B versus Group C,0.5038,0.0833,0.9583,0.8210,0.5000,0.4755,weakly consistent
T1_2025_ICIP_HFDAE_RGBT,T1_2026_TPAMI_ACLI,C,C,within Group C,0.4153,0.2222,0.6533,0.9037,0.0000,0.3981,weakly consistent
T1_2025_ICIP_HFDAE_RGBT,T1_2023_TAI_THREE_PRIOR_SR,C,A,Group A/B versus Group C,0.5996,0.4000,0.0000,0.0000,0.5000,0.4198,weakly consistent
T1_2025_ICIP_HFDAE_RGBT,T1_2021_TCI_SRNSSI,C,A,Group A/B versus Group C,0.5944,0.5625,0.2500,0.7220,1.0000,0.6053,moderately consistent
T1_2025_ICIP_HFDAE_RGBT,T1_2021_TBC_UPDRESNN,C,A,Group A/B versus Group C,0.6920,0.3750,0.3750,0.8990,1.0000,0.6325,moderately consistent
T1_2025_ICIP_HFDAE_RGBT,T1_2019_TIP_TCHEBICHEF_DENOISING,C,A,Group A/B versus Group C,0.4922,0.0000,0.4750,0.7022,0.6667,0.4059,weakly consistent
T1_2025_ICIP_HFDAE_RGBT,T2_AS2024_PATHOWAVE,C,A,Group A/B versus Group C,0.5131,0.1111,0.5417,0.6990,0.8333,0.4661,weakly consistent
T1_2025_ICIP_HFDAE_RGBT,T2_AH2020_R_SPATIOGRAM_TRACKING,C,D,Group C versus Group D,0.3044,0.1042,0.7917,0.4078,0.8333,0.3663,weakly consistent
T1_2025_ICIP_HFDAE_RGBT,T2_AS2018_VARIATIONAL_MIXED_NOISE,C,C,within Group C,0.7404,0.0500,0.0417,0.7810,1.0000,0.5280,weakly consistent
T1_2025_ICIP_HFDAE_RGBT,T2_AS2015_MSAINDELFR,C,A,Group A/B versus Group C,0.0000,0.0000,0.7917,0.2770,1.0000,0.2069,weakly consistent
T1_2025_ICIP_HFDAE_RGBT,T2_AS2014_EURASIP_ECHO,C,D,Group C versus Group D,0.8291,0.1818,0.9883,0.6796,1.0000,0.6853,moderately consistent
T1_2025_ICIP_HFDAE_RGBT,T2_AS2010_EURASIP_CEPSTRUM,C,D,Group C versus Group D,0.7567,0.1111,0.8267,0.9453,1.0000,0.6455,moderately consistent
T1_2025_ICIP_HFDAE_RGBT,T2_SW2019_HEARING_AIDS,C,D,Group C versus Group D,0.7982,0.1067,0.8917,0.9522,1.0000,0.6702,moderately consistent
T1_2025_ICIP_HFDAE_RGBT,T2_SW2015_COSINE_TCHEBICHEF,C,D,Group C versus Group D,0.2271,0.0833,0.8200,0.3353,1.0000,0.3385,weakly consistent
T1_2025_ICIP_HFDAE_RGBT,T2_SW2013_FRONTIERS_SYNAPTIC,C,D,Group C versus Group D,0.2395,0.0833,0.7950,0.4096,1.0000,0.3491,weakly consistent
T1_2025_TGRS_UADIFF,T1_2025_JBHI_ALZ_CNN,B,A,Group A versus Group B,0.5780,0.4250,0.6667,0.6300,1.0000,0.5960,moderately consistent
T1_2025_TGRS_UADIFF,T1_2024_MULTISYS_REFINERHASH,B,A,Group A versus Group B,0.4462,0.2083,0.0450,0.1256,0.0000,0.2699,weakly consistent
T1_2025_TGRS_UADIFF,T1_2024_VISCOMP_HIGHBOOSTNET,B,B,within Group B,0.7000,0.1250,0.0833,0.3530,0.5000,0.4399,weakly consistent
T1_2025_TGRS_UADIFF,T1_2026_TPAMI_ACLI,B,C,Group A/B versus Group C,0.3726,0.0833,0.4717,0.4357,0.0000,0.2792,weakly consistent
T1_2025_TGRS_UADIFF,T1_2023_TAI_THREE_PRIOR_SR,B,A,Group A versus Group B,0.6669,0.1000,0.0000,0.2446,0.5000,0.3996,weakly consistent
T1_2025_TGRS_UADIFF,T1_2021_TCI_SRNSSI,B,A,Group A versus Group B,0.6656,0.4250,0.8750,0.8100,1.0000,0.6743,moderately consistent
T1_2025_TGRS_UADIFF,T1_2021_TBC_UPDRESNN,B,A,Group A versus Group B,0.7228,0.2500,0.7500,0.6330,1.0000,0.6260,moderately consistent
T1_2025_TGRS_UADIFF,T1_2019_TIP_TCHEBICHEF_DENOISING,B,A,Group A versus Group B,0.6069,0.2000,0.6500,0.8298,0.6667,0.5378,weakly consistent
T1_2025_TGRS_UADIFF,T2_AS2024_PATHOWAVE,B,A,Group A versus Group B,0.6345,0.0556,0.5833,0.8330,0.8333,0.5244,weakly consistent
T1_2025_TGRS_UADIFF,T2_AH2020_R_SPATIOGRAM_TRACKING,B,D,core groups versus Group D,0.4789,0.0278,0.0000,0.0000,0.8333,0.3058,weakly consistent
T1_2025_TGRS_UADIFF,T2_AS2018_VARIATIONAL_MIXED_NOISE,B,C,Group A/B versus Group C,0.4052,0.0500,0.9167,0.7510,1.0000,0.4616,weakly consistent
T1_2025_TGRS_UADIFF,T2_AS2015_MSAINDELFR,B,A,Group A versus Group B,0.0000,0.0000,0.0000,0.0000,1.0000,0.1000,weakly consistent
T1_2025_TGRS_UADIFF,T2_AS2014_EURASIP_ECHO,B,D,core groups versus Group D,0.5052,0.2273,0.1133,0.2116,1.0000,0.4167,weakly consistent
T1_2025_TGRS_UADIFF,T2_AS2010_EURASIP_CEPSTRUM,B,D,core groups versus Group D,0.4143,0.0000,0.0000,0.4773,1.0000,0.3342,weakly consistent
T1_2025_TGRS_UADIFF,T2_SW2019_HEARING_AIDS,B,D,core groups versus Group D,0.5195,0.3000,0.0167,0.4842,1.0000,0.4589,weakly consistent
T1_2025_TGRS_UADIFF,T2_SW2015_COSINE_TCHEBICHEF,B,D,core groups versus Group D,0.1753,0.0833,0.0000,0.0000,1.0000,0.1997,weakly consistent
T1_2025_TGRS_UADIFF,T2_SW2013_FRONTIERS_SYNAPTIC,B,D,core groups versus Group D,0.3189,0.0833,0.0000,0.0000,1.0000,0.2643,weakly consistent
T1_2025_JBHI_ALZ_CNN,T1_2024_MULTISYS_REFINERHASH,A,A,within Group A,0.4059,0.2000,0.3783,0.4956,0.0000,0.3200,weakly consistent
T1_2025_JBHI_ALZ_CNN,T1_2024_VISCOMP_HIGHBOOSTNET,A,B,Group A versus Group B,0.5136,0.1000,0.4167,0.7230,0.5000,0.4201,weakly consistent
T1_2025_JBHI_ALZ_CNN,T1_2026_TPAMI_ACLI,A,C,Group A/B versus Group C,0.5623,0.0333,0.8050,0.8057,0.0000,0.4224,weakly consistent
T1_2025_JBHI_ALZ_CNN,T1_2023_TAI_THREE_PRIOR_SR,A,A,within Group A,0.6446,0.2400,0.0000,0.0000,0.5000,0.4001,weakly consistent
T1_2025_JBHI_ALZ_CNN,T1_2021_TCI_SRNSSI,A,A,within Group A,0.7753,0.6750,0.7917,0.8200,1.0000,0.7788,moderately consistent
T1_2025_JBHI_ALZ_CNN,T1_2021_TBC_UPDRESNN,A,A,within Group A,0.6245,0.1250,0.9167,0.9970,1.0000,0.6037,moderately consistent
T1_2025_JBHI_ALZ_CNN,T1_2019_TIP_TCHEBICHEF_DENOISING,A,A,within Group A,0.5843,0.0400,0.9833,0.8002,0.6667,0.5179,weakly consistent
T1_2025_JBHI_ALZ_CNN,T2_AS2024_PATHOWAVE,A,A,within Group A,0.5530,0.0222,0.9167,0.7970,0.8333,0.5091,weakly consistent
T1_2025_JBHI_ALZ_CNN,T2_AH2020_R_SPATIOGRAM_TRACKING,A,D,core groups versus Group D,0.4397,0.1111,0.2500,0.3098,0.8333,0.3649,weakly consistent
T1_2025_JBHI_ALZ_CNN,T2_AS2018_VARIATIONAL_MIXED_NOISE,A,C,Group A/B versus Group C,0.5342,0.1250,0.5833,0.8790,1.0000,0.5179,weakly consistent
T1_2025_JBHI_ALZ_CNN,T2_AS2015_MSAINDELFR,A,A,within Group A,0.0000,0.0000,0.2500,0.1790,1.0000,0.1429,weakly consistent
T1_2025_JBHI_ALZ_CNN,T2_AS2014_EURASIP_ECHO,A,D,core groups versus Group D,0.5640,0.2182,0.4467,0.5816,1.0000,0.5112,weakly consistent
T1_2025_JBHI_ALZ_CNN,T2_AS2010_EURASIP_CEPSTRUM,A,D,core groups versus Group D,0.5238,0.0833,0.2850,0.8473,1.0000,0.4698,weakly consistent
T1_2025_JBHI_ALZ_CNN,T2_SW2019_HEARING_AIDS,A,D,core groups versus Group D,0.5978,0.2000,0.3500,0.8542,1.0000,0.5394,weakly consistent
T1_2025_JBHI_ALZ_CNN,T2_SW2015_COSINE_TCHEBICHEF,A,D,core groups versus Group D,0.1797,0.1667,0.2783,0.2373,1.0000,0.2741,weakly consistent
T1_2025_JBHI_ALZ_CNN,T2_SW2013_FRONTIERS_SYNAPTIC,A,D,core groups versus Group D,0.2080,0.1667,0.2533,0.3116,1.0000,0.2918,weakly consistent
T1_2024_MULTISYS_REFINERHASH,T1_2024_VISCOMP_HIGHBOOSTNET,A,B,Group A versus Group B,0.5516,0.3750,0.9617,0.7726,0.3333,0.5487,weakly consistent
T1_2024_MULTISYS_REFINERHASH,T1_2026_TPAMI_ACLI,A,C,Group A/B versus Group C,0.5277,0.0833,0.5733,0.6900,0.8333,0.4680,weakly consistent
T1_2024_MULTISYS_REFINERHASH,T1_2023_TAI_THREE_PRIOR_SR,A,A,within Group A,0.6039,0.1667,0.0000,0.0000,0.3333,0.3468,weakly consistent
T1_2024_MULTISYS_REFINERHASH,T1_2021_TCI_SRNSSI,A,A,within Group A,0.4020,0.2667,0.1700,0.3156,0.0000,0.2961,weakly consistent
T1_2024_MULTISYS_REFINERHASH,T1_2021_TBC_UPDRESNN,A,A,within Group A,0.3082,0.0417,0.2950,0.4926,0.0000,0.2279,weakly consistent
T1_2024_MULTISYS_REFINERHASH,T1_2019_TIP_TCHEBICHEF_DENOISING,A,A,within Group A,0.4069,0.0833,0.3950,0.2958,0.1667,0.2897,weakly consistent
T1_2024_MULTISYS_REFINERHASH,T2_AS2024_PATHOWAVE,A,A,within Group A,0.5381,0.1250,0.4617,0.2926,0.0000,0.3488,weakly consistent
T1_2024_MULTISYS_REFINERHASH,T2_AH2020_R_SPATIOGRAM_TRACKING,A,D,core groups versus Group D,0.3618,0.2986,0.8717,0.8141,0.0000,0.4060,weakly consistent
T1_2024_MULTISYS_REFINERHASH,T2_AS2018_VARIATIONAL_MIXED_NOISE,A,C,Group A/B versus Group C,0.2746,0.0167,0.0000,0.3746,0.0000,0.1652,weakly consistent
T1_2024_MULTISYS_REFINERHASH,T2_AS2015_MSAINDELFR,A,A,within Group A,0.0000,0.0000,0.8717,0.6834,0.0000,0.1555,weakly consistent
T1_2024_MULTISYS_REFINERHASH,T2_AS2014_EURASIP_ECHO,A,D,core groups versus Group D,0.3930,0.6111,0.9317,0.9141,0.0000,0.5142,weakly consistent
T1_2024_MULTISYS_REFINERHASH,T2_AS2010_EURASIP_CEPSTRUM,A,D,core groups versus Group D,0.4577,0.3111,0.9067,0.6484,0.0000,0.4392,weakly consistent
T1_2024_MULTISYS_REFINERHASH,T2_SW2019_HEARING_AIDS,A,D,core groups versus Group D,0.4115,0.0167,0.9717,0.6414,0.0000,0.3507,weakly consistent
T1_2024_MULTISYS_REFINERHASH,T2_SW2015_COSINE_TCHEBICHEF,A,D,core groups versus Group D,0.1337,0.5833,0.9000,0.7417,0.0000,0.3702,weakly consistent
T1_2024_MULTISYS_REFINERHASH,T2_SW2013_FRONTIERS_SYNAPTIC,A,D,core groups versus Group D,0.3332,0.5000,0.8750,0.8159,0.0000,0.4440,weakly consistent
T1_2024_VISCOMP_HIGHBOOSTNET,T1_2026_TPAMI_ACLI,B,C,Group A/B versus Group C,0.4754,0.0694,0.6117,0.9173,0.5000,0.4342,weakly consistent
T1_2024_VISCOMP_HIGHBOOSTNET,T1_2023_TAI_THREE_PRIOR_SR,B,A,Group A versus Group B,0.6646,0.2500,0.0000,0.0000,1.0000,0.4616,weakly consistent
T1_2024_VISCOMP_HIGHBOOSTNET,T1_2021_TCI_SRNSSI,B,A,Group A versus Group B,0.5946,0.1667,0.2083,0.5430,0.5000,0.4344,weakly consistent
T1_2024_VISCOMP_HIGHBOOSTNET,T1_2021_TBC_UPDRESNN,B,A,Group A versus Group B,0.5827,0.0417,0.3333,0.7200,0.5000,0.4280,weakly consistent
T1_2024_VISCOMP_HIGHBOOSTNET,T1_2019_TIP_TCHEBICHEF_DENOISING,B,A,Group A versus Group B,0.6256,0.0444,0.4333,0.5232,0.8333,0.4716,weakly consistent
T1_2024_VISCOMP_HIGHBOOSTNET,T2_AS2024_PATHOWAVE,B,A,Group A versus Group B,0.6887,0.3333,0.5000,0.5200,0.6667,0.5619,weakly consistent
T1_2024_VISCOMP_HIGHBOOSTNET,T2_AH2020_R_SPATIOGRAM_TRACKING,B,D,core groups versus Group D,0.7492,0.2153,0.8333,0.5868,0.6667,0.5996,moderately consistent
T1_2024_VISCOMP_HIGHBOOSTNET,T2_AS2018_VARIATIONAL_MIXED_NOISE,B,C,Group A/B versus Group C,0.3934,0.0444,0.0000,0.6020,0.5000,0.2983,weakly consistent
T1_2024_VISCOMP_HIGHBOOSTNET,T2_AS2015_MSAINDELFR,B,A,Group A versus Group B,0.0000,0.0000,0.8333,0.4560,0.5000,0.1789,weakly consistent
T1_2024_VISCOMP_HIGHBOOSTNET,T2_AS2014_EURASIP_ECHO,B,D,core groups versus Group D,0.5149,0.3778,0.9700,0.8586,0.5000,0.5590,weakly consistent
T1_2024_VISCOMP_HIGHBOOSTNET,T2_AS2010_EURASIP_CEPSTRUM,B,D,core groups versus Group D,0.4901,0.2694,0.8683,0.8757,0.5000,0.5123,weakly consistent
T1_2024_VISCOMP_HIGHBOOSTNET,T2_SW2019_HEARING_AIDS,B,D,core groups versus Group D,0.5019,0.1000,0.9333,0.8688,0.5000,0.4811,weakly consistent
T1_2024_VISCOMP_HIGHBOOSTNET,T2_SW2015_COSINE_TCHEBICHEF,B,D,core groups versus Group D,0.2958,0.5000,0.8617,0.5143,0.5000,0.4457,weakly consistent
T1_2024_VISCOMP_HIGHBOOSTNET,T2_SW2013_FRONTIERS_SYNAPTIC,B,D,core groups versus Group D,0.3122,0.5000,0.8367,0.5886,0.5000,0.4580,weakly consistent
T1_2026_TPAMI_ACLI,T1_2023_TAI_THREE_PRIOR_SR,C,A,Group A/B versus Group C,0.5690,0.1250,0.0000,0.0000,0.5000,0.3373,weakly consistent
T1_2026_TPAMI_ACLI,T1_2021_TCI_SRNSSI,C,A,Group A/B versus Group C,0.5294,0.0833,0.5967,0.6257,0.0000,0.3813,weakly consistent
T1_2026_TPAMI_ACLI,T1_2021_TBC_UPDRESNN,C,A,Group A/B versus Group C,0.4167,0.2500,0.7217,0.8027,0.0000,0.4025,weakly consistent
T1_2026_TPAMI_ACLI,T1_2019_TIP_TCHEBICHEF_DENOISING,C,A,Group A/B versus Group C,0.4495,0.0833,0.8217,0.6059,0.3333,0.3992,weakly consistent
T1_2026_TPAMI_ACLI,T2_AS2024_PATHOWAVE,C,A,Group A/B versus Group C,0.5257,0.2870,0.8883,0.6027,0.1667,0.4741,weakly consistent
T1_2026_TPAMI_ACLI,T2_AH2020_R_SPATIOGRAM_TRACKING,C,D,Group C versus Group D,0.4110,0.1458,0.4450,0.5041,0.1667,0.3330,weakly consistent
T1_2026_TPAMI_ACLI,T2_AS2018_VARIATIONAL_MIXED_NOISE,C,C,within Group C,0.3776,0.2500,0.3883,0.6847,0.0000,0.3397,weakly consistent
T1_2026_TPAMI_ACLI,T2_AS2015_MSAINDELFR,C,A,Group A/B versus Group C,0.0000,0.0000,0.4450,0.3733,0.0000,0.0818,weakly consistent
T1_2026_TPAMI_ACLI,T2_AS2014_EURASIP_ECHO,C,D,Group C versus Group D,0.3600,0.1061,0.6417,0.7759,0.0000,0.3303,weakly consistent
T1_2026_TPAMI_ACLI,T2_AS2010_EURASIP_CEPSTRUM,C,D,Group C versus Group D,0.3197,0.0861,0.4800,0.9584,0.0000,0.3092,weakly consistent
T1_2026_TPAMI_ACLI,T2_SW2019_HEARING_AIDS,C,D,Group C versus Group D,0.3265,0.0333,0.5450,0.9515,0.0000,0.3049,weakly consistent
T1_2026_TPAMI_ACLI,T2_SW2015_COSINE_TCHEBICHEF,C,D,Group C versus Group D,0.0824,0.0000,0.4733,0.4316,0.0000,0.1276,weakly consistent
T1_2026_TPAMI_ACLI,T2_SW2013_FRONTIERS_SYNAPTIC,C,D,Group C versus Group D,0.1606,0.0000,0.4483,0.5059,0.0000,0.1677,weakly consistent
T1_2023_TAI_THREE_PRIOR_SR,T1_2021_TCI_SRNSSI,A,A,within Group A,0.7159,0.4000,0.0000,0.0546,0.5000,0.4776,weakly consistent
T1_2023_TAI_THREE_PRIOR_SR,T1_2021_TBC_UPDRESNN,A,A,within Group A,0.5646,0.1000,0.0000,0.0000,0.5000,0.3291,weakly consistent
T1_2023_TAI_THREE_PRIOR_SR,T1_2019_TIP_TCHEBICHEF_DENOISING,A,A,within Group A,0.7074,0.1067,0.0000,0.0744,0.8333,0.4358,weakly consistent
T1_2023_TAI_THREE_PRIOR_SR,T2_AS2024_PATHOWAVE,A,A,within Group A,0.7543,0.3333,0.0000,0.0776,0.6667,0.4972,weakly consistent
T1_2023_TAI_THREE_PRIOR_SR,T2_AH2020_R_SPATIOGRAM_TRACKING,A,D,core groups versus Group D,0.4566,0.2042,0.0000,0.0000,0.6667,0.3232,weakly consistent
T1_2023_TAI_THREE_PRIOR_SR,T2_AS2018_VARIATIONAL_MIXED_NOISE,A,C,Group A/B versus Group C,0.4381,0.0400,0.0000,0.0000,0.5000,0.2571,weakly consistent
T1_2023_TAI_THREE_PRIOR_SR,T2_AS2015_MSAINDELFR,A,A,within Group A,0.0000,0.0000,0.0000,0.0000,0.5000,0.0500,weakly consistent
T1_2023_TAI_THREE_PRIOR_SR,T2_AS2014_EURASIP_ECHO,A,D,core groups versus Group D,0.5436,0.2000,0.0000,0.0000,0.5000,0.3446,weakly consistent
T1_2023_TAI_THREE_PRIOR_SR,T2_AS2010_EURASIP_CEPSTRUM,A,D,core groups versus Group D,0.4946,0.2389,0.0000,0.0000,0.5000,0.3323,weakly consistent
T1_2023_TAI_THREE_PRIOR_SR,T2_SW2019_HEARING_AIDS,A,D,core groups versus Group D,0.5026,0.2900,0.0000,0.0000,0.5000,0.3487,weakly consistent
T1_2023_TAI_THREE_PRIOR_SR,T2_SW2015_COSINE_TCHEBICHEF,A,D,core groups versus Group D,0.1693,0.1667,0.0000,0.0000,0.5000,0.1678,weakly consistent
T1_2023_TAI_THREE_PRIOR_SR,T2_SW2013_FRONTIERS_SYNAPTIC,A,D,core groups versus Group D,0.1844,0.1667,0.0000,0.0000,0.5000,0.1747,weakly consistent
T1_2021_TCI_SRNSSI,T1_2021_TBC_UPDRESNN,A,A,within Group A,0.6704,0.1250,0.8750,0.8230,1.0000,0.6027,moderately consistent
T1_2021_TCI_SRNSSI,T1_2019_TIP_TCHEBICHEF_DENOISING,A,A,within Group A,0.6940,0.0400,0.7750,0.9802,0.6667,0.5645,weakly consistent
T1_2021_TCI_SRNSSI,T2_AS2024_PATHOWAVE,A,A,within Group A,0.6789,0.1111,0.7083,0.9770,0.8333,0.5852,moderately consistent
T1_2021_TCI_SRNSSI,T2_AH2020_R_SPATIOGRAM_TRACKING,A,D,core groups versus Group D,0.5185,0.0833,0.0417,0.1298,0.8333,0.3546,weakly consistent
T1_2021_TCI_SRNSSI,T2_AS2018_VARIATIONAL_MIXED_NOISE,A,C,Group A/B versus Group C,0.6099,0.0500,0.7917,0.9410,1.0000,0.5602,weakly consistent
T1_2021_TCI_SRNSSI,T2_AS2015_MSAINDELFR,A,A,within Group A,0.0000,0.0000,0.0417,0.0000,1.0000,0.1042,weakly consistent
T1_2021_TCI_SRNSSI,T2_AS2014_EURASIP_ECHO,A,D,core groups versus Group D,0.5896,0.2909,0.2383,0.4016,1.0000,0.5020,weakly consistent
T1_2021_TCI_SRNSSI,T2_AS2010_EURASIP_CEPSTRUM,A,D,core groups versus Group D,0.5706,0.1111,0.0767,0.6673,1.0000,0.4589,weakly consistent
T1_2021_TCI_SRNSSI,T2_SW2019_HEARING_AIDS,A,D,core groups versus Group D,0.5875,0.0400,0.1417,0.6742,1.0000,0.4560,weakly consistent
T1_2021_TCI_SRNSSI,T2_SW2015_COSINE_TCHEBICHEF,A,D,core groups versus Group D,0.2049,0.1667,0.0700,0.0573,1.0000,0.2466,weakly consistent
T1_2021_TCI_SRNSSI,T2_SW2013_FRONTIERS_SYNAPTIC,A,D,core groups versus Group D,0.2241,0.1667,0.0450,0.1316,1.0000,0.2602,weakly consistent
T1_2021_TBC_UPDRESNN,T1_2019_TIP_TCHEBICHEF_DENOISING,A,A,within Group A,0.5616,0.0500,0.9000,0.8032,0.6667,0.5022,weakly consistent
T1_2021_TBC_UPDRESNN,T2_AS2024_PATHOWAVE,A,A,within Group A,0.5539,0.1296,0.8333,0.8000,0.8333,0.5283,weakly consistent
T1_2021_TBC_UPDRESNN,T2_AH2020_R_SPATIOGRAM_TRACKING,A,D,core groups versus Group D,0.5118,0.0486,0.1667,0.3068,0.8333,0.3731,weakly consistent
T1_2021_TBC_UPDRESNN,T2_AS2018_VARIATIONAL_MIXED_NOISE,A,C,Group A/B versus Group C,0.5821,0.2889,0.6667,0.8820,1.0000,0.5891,moderately consistent
T1_2021_TBC_UPDRESNN,T2_AS2015_MSAINDELFR,A,A,within Group A,0.0000,0.0000,0.1667,0.1760,1.0000,0.1343,weakly consistent
T1_2021_TBC_UPDRESNN,T2_AS2014_EURASIP_ECHO,A,D,core groups versus Group D,0.5781,0.0455,0.3633,0.5786,1.0000,0.4657,weakly consistent
T1_2021_TBC_UPDRESNN,T2_AS2010_EURASIP_CEPSTRUM,A,D,core groups versus Group D,0.5031,0.0000,0.2017,0.8443,1.0000,0.4310,weakly consistent
T1_2021_TBC_UPDRESNN,T2_SW2019_HEARING_AIDS,A,D,core groups versus Group D,0.5895,0.1667,0.2667,0.8512,1.0000,0.5187,weakly consistent
T1_2021_TBC_UPDRESNN,T2_SW2015_COSINE_TCHEBICHEF,A,D,core groups versus Group D,0.2516,0.0000,0.1950,0.2343,1.0000,0.2561,weakly consistent
T1_2021_TBC_UPDRESNN,T2_SW2013_FRONTIERS_SYNAPTIC,A,D,core groups versus Group D,0.2102,0.0000,0.1700,0.3086,1.0000,0.2424,weakly consistent
T1_2019_TIP_TCHEBICHEF_DENOISING,T2_AS2024_PATHOWAVE,A,A,within Group A,0.6806,0.0778,0.9333,0.9968,0.8333,0.6021,moderately consistent
T1_2019_TIP_TCHEBICHEF_DENOISING,T2_AH2020_R_SPATIOGRAM_TRACKING,A,D,core groups versus Group D,0.6421,0.0000,0.2667,0.1100,0.8333,0.4100,weakly consistent
T1_2019_TIP_TCHEBICHEF_DENOISING,T2_AS2018_VARIATIONAL_MIXED_NOISE,A,C,Group A/B versus Group C,0.4827,0.1000,0.5667,0.9212,0.6667,0.4577,weakly consistent
T1_2019_TIP_TCHEBICHEF_DENOISING,T2_AS2015_MSAINDELFR,A,A,within Group A,0.0000,0.0000,0.2667,0.0000,0.6667,0.0933,weakly consistent
T1_2019_TIP_TCHEBICHEF_DENOISING,T2_AS2014_EURASIP_ECHO,A,D,core groups versus Group D,0.4923,0.1364,0.4633,0.3818,0.6667,0.4068,weakly consistent
T1_2019_TIP_TCHEBICHEF_DENOISING,T2_AS2010_EURASIP_CEPSTRUM,A,D,core groups versus Group D,0.5392,0.0417,0.3017,0.6475,0.6667,0.4147,weakly consistent
T1_2019_TIP_TCHEBICHEF_DENOISING,T2_SW2019_HEARING_AIDS,A,D,core groups versus Group D,0.4776,0.0000,0.3667,0.6544,0.6667,0.3837,weakly consistent
T1_2019_TIP_TCHEBICHEF_DENOISING,T2_SW2015_COSINE_TCHEBICHEF,A,D,core groups versus Group D,0.1474,0.0833,0.2950,0.0375,0.6667,0.1871,weakly consistent
T1_2019_TIP_TCHEBICHEF_DENOISING,T2_SW2013_FRONTIERS_SYNAPTIC,A,D,core groups versus Group D,0.1771,0.0833,0.2700,0.1118,0.6667,0.2054,weakly consistent
T2_AS2024_PATHOWAVE,T2_AH2020_R_SPATIOGRAM_TRACKING,A,D,core groups versus Group D,0.6613,0.2083,0.3333,0.1068,1.0000,0.4937,weakly consistent
T2_AS2024_PATHOWAVE,T2_AS2018_VARIATIONAL_MIXED_NOISE,A,C,Group A/B versus Group C,0.4610,0.1333,0.5000,0.9180,0.8333,0.4659,weakly consistent
T2_AS2024_PATHOWAVE,T2_AS2015_MSAINDELFR,A,A,within Group A,0.0000,0.0000,0.3333,0.0000,0.8333,0.1167,weakly consistent
T2_AS2024_PATHOWAVE,T2_AS2014_EURASIP_ECHO,A,D,core groups versus Group D,0.4998,0.2273,0.5300,0.3786,0.8333,0.4559,weakly consistent
T2_AS2024_PATHOWAVE,T2_AS2010_EURASIP_CEPSTRUM,A,D,core groups versus Group D,0.4450,0.2417,0.3683,0.6443,0.8333,0.4452,weakly consistent
T2_AS2024_PATHOWAVE,T2_SW2019_HEARING_AIDS,A,D,core groups versus Group D,0.5341,0.1611,0.4333,0.6512,0.8333,0.4724,weakly consistent
T2_AS2024_PATHOWAVE,T2_SW2015_COSINE_TCHEBICHEF,A,D,core groups versus Group D,0.1351,0.0833,0.3617,0.0343,0.8333,0.2045,weakly consistent
T2_AS2024_PATHOWAVE,T2_SW2013_FRONTIERS_SYNAPTIC,A,D,core groups versus Group D,0.1925,0.0833,0.3367,0.1086,0.8333,0.2353,weakly consistent
T2_AH2020_R_SPATIOGRAM_TRACKING,T2_AS2018_VARIATIONAL_MIXED_NOISE,D,C,Group D versus Group C,0.3137,0.0278,0.0000,0.1888,0.8333,0.2503,weakly consistent
T2_AH2020_R_SPATIOGRAM_TRACKING,T2_AS2015_MSAINDELFR,D,A,core groups versus Group D,0.0000,0.0000,1.0000,0.8692,0.8333,0.2703,weakly consistent
T2_AH2020_R_SPATIOGRAM_TRACKING,T2_AS2014_EURASIP_ECHO,D,D,within Group D,0.2802,0.2708,0.8033,0.7282,0.8333,0.4303,weakly consistent
T2_AH2020_R_SPATIOGRAM_TRACKING,T2_AS2010_EURASIP_CEPSTRUM,D,D,within Group D,0.3001,0.4444,0.9650,0.4625,0.8333,0.4722,weakly consistent
T2_AH2020_R_SPATIOGRAM_TRACKING,T2_SW2019_HEARING_AIDS,D,D,within Group D,0.2899,0.1111,0.9000,0.4556,0.8333,0.3771,weakly consistent
T2_AH2020_R_SPATIOGRAM_TRACKING,T2_SW2015_COSINE_TCHEBICHEF,D,D,within Group D,0.1417,0.4167,0.9717,0.9276,0.8333,0.4412,weakly consistent
T2_AH2020_R_SPATIOGRAM_TRACKING,T2_SW2013_FRONTIERS_SYNAPTIC,D,D,within Group D,0.2680,0.4167,0.9967,0.9982,0.8333,0.5076,weakly consistent
T2_AS2018_VARIATIONAL_MIXED_NOISE,T2_AS2015_MSAINDELFR,C,A,Group A/B versus Group C,0.0000,0.0000,0.0000,0.0580,1.0000,0.1058,weakly consistent
T2_AS2018_VARIATIONAL_MIXED_NOISE,T2_AS2014_EURASIP_ECHO,C,D,Group C versus Group D,0.7111,0.0182,0.0300,0.4606,1.0000,0.4736,weakly consistent
T2_AS2018_VARIATIONAL_MIXED_NOISE,T2_AS2010_EURASIP_CEPSTRUM,C,D,Group C versus Group D,0.6953,0.0278,0.0000,0.7263,1.0000,0.4925,weakly consistent
T2_AS2018_VARIATIONAL_MIXED_NOISE,T2_SW2019_HEARING_AIDS,C,D,Group C versus Group D,0.6588,0.1000,0.0000,0.7332,1.0000,0.4948,weakly consistent
T2_AS2018_VARIATIONAL_MIXED_NOISE,T2_SW2015_COSINE_TCHEBICHEF,C,D,Group C versus Group D,0.1954,0.0000,0.0000,0.1163,1.0000,0.1996,weakly consistent
T2_AS2018_VARIATIONAL_MIXED_NOISE,T2_SW2013_FRONTIERS_SYNAPTIC,C,D,Group C versus Group D,0.1888,0.0000,0.0000,0.1906,1.0000,0.2040,weakly consistent
T2_AS2015_MSAINDELFR,T2_AS2014_EURASIP_ECHO,A,D,core groups versus Group D,0.0000,0.0000,0.8033,0.5974,1.0000,0.2401,weakly consistent
T2_AS2015_MSAINDELFR,T2_AS2010_EURASIP_CEPSTRUM,A,D,core groups versus Group D,0.0000,0.0000,0.9650,0.3317,1.0000,0.2297,weakly consistent
T2_AS2015_MSAINDELFR,T2_SW2019_HEARING_AIDS,A,D,core groups versus Group D,0.0000,0.0000,0.9000,0.3248,1.0000,0.2225,weakly consistent
T2_AS2015_MSAINDELFR,T2_SW2015_COSINE_TCHEBICHEF,A,D,core groups versus Group D,0.0000,0.0000,0.9717,0.9417,1.0000,0.2913,weakly consistent
T2_AS2015_MSAINDELFR,T2_SW2013_FRONTIERS_SYNAPTIC,A,D,core groups versus Group D,0.0000,0.0000,0.9967,0.8674,1.0000,0.2864,weakly consistent
T2_AS2014_EURASIP_ECHO,T2_AS2010_EURASIP_CEPSTRUM,D,D,within Group D,0.7827,0.2639,0.8383,0.7343,1.0000,0.6755,moderately consistent
T2_AS2014_EURASIP_ECHO,T2_SW2019_HEARING_AIDS,D,D,within Group D,0.8157,0.0182,0.9033,0.7274,1.0000,0.6347,moderately consistent
T2_AS2014_EURASIP_ECHO,T2_SW2015_COSINE_TCHEBICHEF,D,D,within Group D,0.2757,0.5000,0.8317,0.6558,1.0000,0.4978,weakly consistent
T2_AS2014_EURASIP_ECHO,T2_SW2013_FRONTIERS_SYNAPTIC,D,D,within Group D,0.3380,0.4167,0.8067,0.7300,1.0000,0.5099,weakly consistent
T2_AS2010_EURASIP_CEPSTRUM,T2_SW2019_HEARING_AIDS,D,D,within Group D,0.6948,0.1111,0.9350,0.9931,1.0000,0.6332,moderately consistent
T2_AS2010_EURASIP_CEPSTRUM,T2_SW2015_COSINE_TCHEBICHEF,D,D,within Group D,0.3900,0.3333,0.9933,0.3900,1.0000,0.4971,weakly consistent
T2_AS2010_EURASIP_CEPSTRUM,T2_SW2013_FRONTIERS_SYNAPTIC,D,D,within Group D,0.4438,0.3333,0.9683,0.4643,1.0000,0.5263,weakly consistent
T2_SW2019_HEARING_AIDS,T2_SW2015_COSINE_TCHEBICHEF,D,D,within Group D,0.1990,0.0833,0.9283,0.3831,1.0000,0.3415,weakly consistent
T2_SW2019_HEARING_AIDS,T2_SW2013_FRONTIERS_SYNAPTIC,D,D,within Group D,0.2664,0.0833,0.9033,0.4574,1.0000,0.3768,weakly consistent
T2_SW2015_COSINE_TCHEBICHEF,T2_SW2013_FRONTIERS_SYNAPTIC,D,D,within Group D,0.5989,0.9167,0.9750,0.9258,1.0000,0.7887,strongly consistent
